{
	"credit": "made by kaoif",
	"textures": {
		"4": "blocks/bed_feet_end",
		"particle": "blocks/bed_head_top",
		"top": "blocks/bed_head_top",
		"bottom": "blocks/wool_colored_white",
		"end": "blocks/bed_head_end",
		"side": "blocks/bed_head_side"
	},
	"elements": [
		{
			"name": "mattress",
			"from": [0, 5, 0],
			"to": [16, 9, 16],
			"faces": {
				"east": {"uv": [16, 7, 0, 11], "texture": "#side"},
				"south": {"uv": [0, 7, 16, 11], "texture": "#end"},
				"west": {"uv": [0, 7, 16, 11], "texture": "#side"},
				"up": {"uv": [0, 16, 16, 0], "rotation": 90, "texture": "#top"},
				"down": {"uv": [0, 0, 16, 16], "texture": "#bottom"}
			}
		},
		{
			"name": "headboard",
			"from": [0, 9, 14],
			"to": [16, 12, 16],
			"faces": {
				"north": {"uv": [0, 4, 16, 7], "texture": "#end"},
				"east": {"uv": [16, 4, 14, 7], "texture": "#side"},
				"south": {"uv": [0, 4, 16, 7], "texture": "#end"},
				"west": {"uv": [14, 4, 16, 7], "texture": "#side"},
				"up": {"uv": [14, 0, 16, 16], "rotation": 90, "texture": "#top"},
				"down": {"uv": [0, 0, 16, 2], "texture": "#missing"}
			}
		},
		{
			"from": [0, 3, 13],
			"to": [16, 5, 16],
			"faces": {
				"north": {"uv": [0, 11, 16, 13], "texture": "#end"},
				"east": {"uv": [16, 11, 13, 13], "texture": "#side"},
				"south": {"uv": [0, 11, 16, 13], "texture": "#end"},
				"west": {"uv": [13, 11, 16, 13], "texture": "#side"},
				"down": {"uv": [0, 12, 16, 13], "texture": "#end"}
			}
		},
		{
			"from": [0, 3, 0],
			"to": [1, 5, 13],
			"faces": {
				"east": {"uv": [13, 11, 0, 13], "texture": "#side"},
				"west": {"uv": [0, 11, 13, 13], "texture": "#side"},
				"down": {"uv": [0, 12, 15, 13], "texture": "#side"}
			}
		},
		{
			"from": [15, 3, 0],
			"to": [16, 5, 13],
			"faces": {
				"east": {"uv": [13, 11, 0, 13], "texture": "#side"},
				"west": {"uv": [0, 11, 13, 13], "texture": "#side"},
				"down": {"uv": [0, 12, 15, 13], "texture": "#side"}
			}
		},
		{
			"name": "left",
			"from": [13, 0, 13],
			"to": [16, 3, 16],
			"faces": {
				"north": {"uv": [13, 13, 16, 16], "texture": "#end"},
				"east": {"uv": [16, 13, 13, 16], "texture": "#side"},
				"south": {"uv": [13, 13, 16, 16], "texture": "#end"},
				"west": {"uv": [13, 13, 16, 16], "texture": "#side"},
				"down": {"uv": [13, 13, 16, 16], "texture": "#4"}
			}
		},
		{
			"name": "right",
			"from": [0, 0, 13],
			"to": [3, 3, 16],
			"faces": {
				"north": {"uv": [0, 13, 3, 16], "texture": "#end"},
				"east": {"uv": [16, 13, 13, 16], "texture": "#side"},
				"south": {"uv": [0, 13, 3, 16], "texture": "#end"},
				"west": {"uv": [13, 13, 16, 16], "texture": "#side"},
				"down": {"uv": [0, 13, 3, 16], "texture": "#4"}
			}
		},
		{
			"name": "1",
			"from": [1, 4, 0.5],
			"to": [15, 5, 3.5],
			"faces": {
				"north": {"uv": [1, 12, 15, 13], "texture": "#end"},
				"south": {"uv": [1, 11, 15, 12], "texture": "#end"},
				"down": {"uv": [1, 11, 15, 13], "texture": "#end"}
			}
		},
		{
			"name": "2",
			"from": [1, 4, 4.5],
			"to": [15, 5, 7.5],
			"faces": {
				"north": {"uv": [1, 12, 15, 13], "texture": "#end"},
				"south": {"uv": [1, 11, 15, 12], "texture": "#end"},
				"down": {"uv": [1, 11, 15, 13], "texture": "#end"}
			}
		},
		{
			"name": "3",
			"from": [1, 4, 8.5],
			"to": [15, 5, 11.5],
			"faces": {
				"north": {"uv": [1, 12, 15, 13], "texture": "#end"},
				"south": {"uv": [1, 11, 15, 12], "texture": "#end"},
				"down": {"uv": [1, 11, 15, 13], "texture": "#end"}
			}
		}
	],
	"groups": [
		{
			"name": "head",
			"origin": [8, 8, 8],
			"color": 0,
			"children": [
				0,
				1,
				2,
				{
					"name": "sides",
					"origin": [0, 0, 0],
					"color": 0,
					"children": [3, 4]
				},
				{
					"name": "legs",
					"origin": [0, 0, 0],
					"color": 0,
					"children": [5, 6]
				},
				{
					"name": "bottom",
					"origin": [8, 8, 8],
					"color": 0,
					"children": [7, 8, 9]
				}
			]
		}
	]
}